,nickname,email,password
0,Troy96,Troy96@gmail.com,Troy964433
1,Mary79,Mary79@gmail.com,Mary799629
2,James91,James91@gmail.com,James912332
3,Frank34,Frank34@gmail.com,Frank343258
4,Jason68,Jason68@gmail.com,Jason684117
5,Rosa89,Rosa89@gmail.com,Rosa895876
6,Allen63,Allen63@gmail.com,Allen636578
7,Lucille90,Lucille90@gmail.com,Lucille901071
8,Irene67,Irene67@gmail.com,Irene678024
9,Edith23,Edith23@gmail.com,Edith234990
10,James85,James85@gmail.com,James857024
11,Janette90,Janette90@gmail.com,Janette907251
12,Wanda91,Wanda91@gmail.com,Wanda919907
13,Lola82,Lola82@gmail.com,Lola829654
14,Kay95,Kay95@gmail.com,Kay951593
15,Gertrude59,Gertrude59@gmail.com,Gertrude591192
16,Corine62,Corine62@gmail.com,Corine621353
17,Von30,Von30@gmail.com,Von303165
18,Teresa70,Teresa70@gmail.com,Teresa704205
19,Shane94,Shane94@gmail.com,Shane942717
20,Diana36,Diana36@gmail.com,Diana368774
21,Robbie33,Robbie33@gmail.com,Robbie336207
22,Justin17,Justin17@gmail.com,Justin172115
23,Patrick69,Patrick69@gmail.com,Patrick694604
24,Kellye39,Kellye39@gmail.com,Kellye393944
25,Tyler78,Tyler78@gmail.com,Tyler787693
26,Enid62,Enid62@gmail.com,Enid629768
27,Cynthia64,Cynthia64@gmail.com,Cynthia643040
28,Samuel99,Samuel99@gmail.com,Samuel994795
29,Juan93,Juan93@gmail.com,Juan935592
30,Patrick69,Patrick69@gmail.com,Patrick694964
31,Shelly20,Shelly20@gmail.com,Shelly201604
32,Cherri22,Cherri22@gmail.com,Cherri229883
33,Ryan34,Ryan34@gmail.com,Ryan345503
34,Kelly95,Kelly95@gmail.com,Kelly951806
35,Maurice40,Maurice40@gmail.com,Maurice408136
36,Joey17,Joey17@gmail.com,Joey179382
37,Charlotte61,Charlotte61@gmail.com,Charlotte614436
38,Ronald29,Ronald29@gmail.com,Ronald294470
39,Santa94,Santa94@gmail.com,Santa949939
40,Ruben25,Ruben25@gmail.com,Ruben253636
41,Kenneth87,Kenneth87@gmail.com,Kenneth872257
42,Gregory19,Gregory19@gmail.com,Gregory193419
43,Leola46,Leola46@gmail.com,Leola461371
44,Sabrina18,Sabrina18@gmail.com,Sabrina185757
45,James39,James39@gmail.com,James394164
46,Roy19,Roy19@gmail.com,Roy196579
47,Sandra12,Sandra12@gmail.com,Sandra123108
48,Alexander13,Alexander13@gmail.com,Alexander132142
49,Laura90,Laura90@gmail.com,Laura906858
50,Paula48,Paula48@gmail.com,Paula486626
51,Kevin10,Kevin10@gmail.com,Kevin107024
52,Lisa95,Lisa95@gmail.com,Lisa952585
53,Travis92,Travis92@gmail.com,Travis921933
54,Jose70,Jose70@gmail.com,Jose703379
55,Brittany75,Brittany75@gmail.com,Brittany753329
56,Justin23,Justin23@gmail.com,Justin232557
57,Stephanie34,Stephanie34@gmail.com,Stephanie345465
58,James70,James70@gmail.com,James703002
59,Vicki95,Vicki95@gmail.com,Vicki957790
60,Elvira84,Elvira84@gmail.com,Elvira843580
61,Janet44,Janet44@gmail.com,Janet442129
62,Jesse67,Jesse67@gmail.com,Jesse679373
63,Carmen80,Carmen80@gmail.com,Carmen804338
64,Diane36,Diane36@gmail.com,Diane369455
65,Robert48,Robert48@gmail.com,Robert488980
66,Sergio27,Sergio27@gmail.com,Sergio276272
67,Quinn32,Quinn32@gmail.com,Quinn328650
68,Mary35,Mary35@gmail.com,Mary358495
69,Joe55,Joe55@gmail.com,Joe558825
70,Rebecca35,Rebecca35@gmail.com,Rebecca356889
71,Jason93,Jason93@gmail.com,Jason932835
72,Terry76,Terry76@gmail.com,Terry768869
73,Adele31,Adele31@gmail.com,Adele318517
74,Edward50,Edward50@gmail.com,Edward501136
75,Lori10,Lori10@gmail.com,Lori101801
76,Kristen62,Kristen62@gmail.com,Kristen622003
77,Craig69,Craig69@gmail.com,Craig699819
78,Loretta24,Loretta24@gmail.com,Loretta245175
79,Joan42,Joan42@gmail.com,Joan429255
80,Tracy17,Tracy17@gmail.com,Tracy174286
81,Harvey88,Harvey88@gmail.com,Harvey883847
82,Robert40,Robert40@gmail.com,Robert406449
83,Donna93,Donna93@gmail.com,Donna932085
84,Todd25,Todd25@gmail.com,Todd252584
85,Juan100,Juan100@gmail.com,Juan1008715
86,Patricia88,Patricia88@gmail.com,Patricia881909
87,William78,William78@gmail.com,William781068
88,Millie23,Millie23@gmail.com,Millie236208
89,Peggy63,Peggy63@gmail.com,Peggy633177
90,Jessie33,Jessie33@gmail.com,Jessie331169
91,Ralph85,Ralph85@gmail.com,Ralph856723
92,Christopher62,Christopher62@gmail.com,Christopher626616
93,Michael42,Michael42@gmail.com,Michael421790
94,Kristopher78,Kristopher78@gmail.com,Kristopher783761
95,Todd73,Todd73@gmail.com,Todd736673
96,Edward51,Edward51@gmail.com,Edward516608
97,Heidi85,Heidi85@gmail.com,Heidi856817
98,Perry57,Perry57@gmail.com,Perry573918
99,Juan97,Juan97@gmail.com,Juan977310
